-- =============================================================================
-- ops/fixture/01-fixture-data.sql
-- Minimal seed data for play-compat-test.sh to exercise play SQL queries
-- against the official TeslaMate schema.
--
-- Includes: 2 cars + car_settings, drives, positions, charging_processes
-- All timestamps are naive UTC (TeslaMate convention).
-- =============================================================================

-- car_settings (required FK from cars.settings_id)
INSERT INTO public.car_settings (id) VALUES (1), (2)
    ON CONFLICT DO NOTHING;

-- cars
INSERT INTO public.cars (id, eid, vid, model, efficiency, inserted_at, updated_at, vin, name, settings_id)
VALUES
    (1, 100001, 200001, 'Model 3', 0.140, '2024-01-01 00:00:00', '2024-01-01 00:00:00', 'LRW3E7EA7LC000001', 'Car One', 1),
    (2, 100002, 200002, 'Model Y', 0.153, '2024-01-01 00:00:00', '2024-01-01 00:00:00', 'LRW3E7EA7LC000002', 'Car Two', 2)
    ON CONFLICT DO NOTHING;

-- positions (car 1 — 20 rows spread across Jan–Mar 2025, mix of day/night)
INSERT INTO public.positions (id, date, latitude, longitude, speed, power, odometer, battery_level, car_id)
VALUES
    (1001, '2025-01-05 08:30:00', 30.2741, 120.1551, 60, 30, 10000, 80, 1),
    (1002, '2025-01-05 08:45:00', 30.2755, 120.1600, 55, 25, 10010, 78, 1),
    (1003, '2025-01-10 23:15:00', 30.2800, 120.1650, 70, 40, 10020, 60, 1),
    (1004, '2025-01-10 23:30:00', 30.2820, 120.1700, 65, 35, 10030, 58, 1),
    (1005, '2025-01-15 14:00:00', 30.2700, 120.1500, 80, 50, 10050, 70, 1),
    (1006, '2025-01-15 14:20:00', 30.2710, 120.1520, 75, 45, 10060, 68, 1),
    (1007, '2025-01-20 01:00:00', 30.2760, 120.1580, 90, 60, 10080, 55, 1),
    (1008, '2025-01-20 01:15:00', 30.2780, 120.1620, 85, 55, 10090, 53, 1),
    (1009, '2025-02-03 09:00:00', 30.2700, 120.1490, 50, 20, 10100, 75, 1),
    (1010, '2025-02-03 09:20:00', 30.2720, 120.1510, 55, 22, 10110, 73, 1),
    (1011, '2025-02-10 22:30:00', 30.2750, 120.1560, 65, 38, 10120, 65, 1),
    (1012, '2025-02-10 22:50:00', 30.2770, 120.1590, 60, 35, 10130, 63, 1),
    (1013, '2025-02-18 16:00:00', 30.2800, 120.1640, 70, 40, 10150, 80, 1),
    (1014, '2025-02-18 16:25:00', 30.2815, 120.1660, 68, 38, 10160, 78, 1),
    (1015, '2025-03-01 07:30:00', 30.2680, 120.1480, 55, 25, 10170, 90, 1),
    (1016, '2025-03-01 07:50:00', 30.2695, 120.1500, 58, 27, 10180, 88, 1),
    (1017, '2025-03-08 00:10:00', 30.2710, 120.1510, 72, 42, 10190, 50, 1),
    (1018, '2025-03-08 00:30:00', 30.2730, 120.1535, 70, 40, 10200, 48, 1),
    (1019, '2025-03-15 11:00:00', 30.2740, 120.1545, 60, 30, 10210, 72, 1),
    (1020, '2025-03-15 11:20:00', 30.2760, 120.1570, 58, 28, 10220, 70, 1)
    ON CONFLICT DO NOTHING;

-- drives (car 1 — 12 completed drives)
INSERT INTO public.drives (id, start_date, end_date, distance, duration_min, speed_max, car_id,
                            start_position_id, end_position_id)
VALUES
    (101, '2025-01-05 08:30:00', '2025-01-05 08:50:00', 12.5, 20, 80, 1, 1001, 1002),
    (102, '2025-01-10 23:15:00', '2025-01-10 23:35:00', 8.3,  20, 70, 1, 1003, 1004),
    (103, '2025-01-15 14:00:00', '2025-01-15 14:25:00', 15.0, 25, 90, 1, 1005, 1006),
    (104, '2025-01-20 01:00:00', '2025-01-20 01:20:00', 18.2, 20, 95, 1, 1007, 1008),
    (105, '2025-02-03 09:00:00', '2025-02-03 09:25:00', 10.0, 25, 70, 1, 1009, 1010),
    (106, '2025-02-10 22:30:00', '2025-02-10 22:55:00', 11.5, 25, 75, 1, 1011, 1012),
    (107, '2025-02-18 16:00:00', '2025-02-18 16:30:00', 20.0, 30, 85, 1, 1013, 1014),
    (108, '2025-03-01 07:30:00', '2025-03-01 07:55:00', 9.0,  25, 65, 1, 1015, 1016),
    (109, '2025-03-08 00:10:00', '2025-03-08 00:35:00', 13.0, 25, 90, 1, 1017, 1018),
    (110, '2025-03-15 11:00:00', '2025-03-15 11:25:00', 7.5,  25, 68, 1, 1019, 1020),
    (111, '2025-03-20 19:30:00', '2025-03-20 20:00:00', 22.0, 30, 100, 1, NULL, NULL),
    (112, '2025-03-25 08:00:00', '2025-03-25 08:30:00', 16.0, 30, 88,  1, NULL, NULL)
    ON CONFLICT DO NOTHING;

-- charging_processes (car 1 — 8 sessions, varying start_battery_level)
INSERT INTO public.charging_processes (id, start_date, end_date, charge_energy_added,
                                        start_battery_level, end_battery_level, car_id, position_id)
VALUES
    (201, '2025-01-06 20:00:00', '2025-01-06 22:00:00', 30.0, 25, 80, 1, 1001),
    (202, '2025-01-15 22:00:00', '2025-01-16 00:00:00', 20.0, 35, 70, 1, 1001),
    (203, '2025-01-22 18:00:00', '2025-01-22 20:00:00', 35.0, 15, 80, 1, 1001),
    (204, '2025-02-05 21:00:00', '2025-02-05 23:00:00', 25.0, 20, 70, 1, 1001),
    (205, '2025-02-15 19:00:00', '2025-02-15 21:00:00', 40.0, 10, 85, 1, 1001),
    (206, '2025-02-28 20:00:00', '2025-02-28 22:00:00', 28.0, 30, 75, 1, 1001),
    (207, '2025-03-10 21:00:00', '2025-03-10 23:00:00', 32.0, 18, 78, 1, 1001),
    (208, '2025-03-20 22:00:00', '2025-03-20 23:30:00', 18.0, 40, 68, 1, 1001)
    ON CONFLICT DO NOTHING;
